Texto,Truncado
" numbers for the day.  Looking to buy strong currencies ,, against weak currenciesâ€¦ "
  dxy then and now
Is the  in wyckoff accumulation?    
Latest views on . Includes review of CRB  index to get the big picture context tooâ€¦ 
dxy Ø´Ù…Ø¹Ù‡ Ø³Ù„Ø¨ÙŠÙ‡ ÙŠØ­Ø¨Ù‡Ø§ Ù‚Ù„Ø¨Ùƒ Ø§Ù„Ù‡Ø¯Ù Ù¨Ù©  
The  reverses the initial downside and looks to extend the move further north of the 106.00 mark on Tuesday.â€¦ 
@ShardiB2 This is why cycles are so helpful because in that context  has made a high on month 20 (Sept) and weâ€™â€¦ 
"US Dollar Index  net speculator positions slid by -2,789 contracts in latest .   dxyâ€¦ "
  there is a serious amount of mainly subscription based fintwit still maintaining a bullish bias.  Watch the dollar  I say.
" 500,  from  weekly 3918 low side Lows today 3940, Yesterday 3956and 3918 won't hit tomorrow. Lowâ€¦ "
"This level is actually perfect for a bear trap as well to be honest Iâ€™m seriously watching out for this, the markâ€¦ "
US dollar Index (Daily)  -  TradingView 
 $SPX _F    $SPY    Pivot and levels were given on Fridayâ€¦ 
Focus is on the resistance. We have to adjust according to market action. Our uncle Powell speaks tomorrow and theâ€¦ 
"MAJ du soir  :ğŸ‡ªğŸ‡º  â¡ï¸ -0.15%ğŸ‡¬ğŸ‡§  â¡ï¸ -0.08%ğŸ‡ºğŸ‡¸ dxy â¡ï¸+0.55%âš ï¸ Pour le gbp , sorte de tasse aveâ€¦ "
"ğŸ“ˆMarket Conditions TodayğŸ“‰â¬†ï¸ 0.00% ğŸ’²33,851ğŸ”» 0.17% ğŸ’²3,957ğŸ”» 0.59%ğŸ’²10,984â¬†ï¸ 1.49% - 3.757%â€¦ "
"@__money__maker_ @2020Upstream  and  are ""driven"" and ""directed"" by managed , which leads algos toâ€¦ "
" $DXYFound buyers at the 200 days moving average and an older price memory,  that came with a Bullish DISCO câ€¦ "
Now we just decorrelate when markets go down  $SPY 
 front ran the BAT pcz in time and did not disappoint at the 1-1. Idea remains the same  
DXY -  TradingView 
  hala gÃ¶zÃ¼mÃ¼ korkutuyor  laciverti direnÃ§ olarak test etmiÅŸ 83 altÄ± baya ÅŸelale yani ytd 
 15min;bearish wedge into previous neckline resistance 
"'s coming back to range. It's definitely gonna test 21 MA, a matter of time. The question is, how will crypto râ€¦ "
had bearish bias going into the week but as soon as we rejected from weekly open my aim became the fill of the voluâ€¦ 
 candles show some signs of acceleration upwards. Next step - confirm a bottom. Perhaps it's time forâ€¦ 
"@General2024x Peki soruyu ÅŸÃ¶yle sorayÄ±m, Abd son 3 yÄ±lda, 30Trilyon$ karÅŸÄ±lÄ±ksÄ±z para bastÄ±.Åimdi o paralarÄ± zorlâ€¦ "
#Ù…Ø¤Ø´Ø±_Ø§Ù„Ø¯ÙˆÙ„Ø§Ø± Ù…Ù† ØµÙÙ‚Ø§Øª Ø§Ù„Ù‚Ù†Ø§Ø© Ø§Ù„Ù…Ù…ÙŠØ²Ø©ØµÙÙ‚Ø© Ù…ÙˆÙÙ‚Ø©Ø¨ØªÙØ¶ÙŠÙ„ Ø§Ù„Ø´Ø±Ø§Ø¡Ù…Ù† Ù…Ø³ØªÙˆÙ‰ 106.35Ø­ÙŠØ« Ø§Ø³ØªØ·Ø§Ø¹Øª Ø§Ù„Ø£Ø³Ø¹Ø§Ø± Ø§Ù„Ø­ÙØ§Ø¸ Ø¹Ù„Ù‰â€¦ 
 &amp;  are the best performing assets so far for the month of November along with miners ğŸ‘€.       7â€¦ 
Some USD charts look ready to RUMBLE !!!
If you trade             pairs this thread is good for you during tâ€¦ 
ArkadaÅŸlar bugÃ¼nÃ¼ bu gÃ¼zel kazanÃ§la noktalÄ±yoruz haftanÄ±n 2. GÃ¼nÃ¼nde de tplerimizi almasÄ±nÄ± bildik yarÄ±n gÃ¶rÃ¼ÅŸmek dâ€¦ 
Markets ignoring the FEDs just means more trouble in the near future for them.   $SPX $BTC 
Check out my  analysis on @TradingView: 
 TO COMPLETE ITS WAY _fx_signals  
" bullish breakout in 3..2..1 on. 250t.  30m.   1h.  LFG, Iâ€™m short NQ"
$DXY  US Dollar IndexBounced perfectly off the 200WMA and range 1:1. Appears everything is 'sideways' untilâ€¦ 
 about to rip a hole thru the fabric of space time. Get ready for cheaper sats.  dont ask me how I know.
 $dxy dxy ØªØ­Ø¯ÙŠØ« Ù„Ø°Ø§Øª Ø§Ù„Ø³ÙŠÙ†Ø§Ø±ÙŠÙˆ ğŸ¨ ..Ø±Ø¯Ù‘Ù‡ Ø§Ù„ÙØ¹Ù„ Ø§Ù„Ø£ÙˆÙ„ÙŠÙ‘Ù‡ ÙƒØ§Ù†Øª Ø¬Ù…ÙŠÙ„Ù‡ Ø¬Ø¯Ø§Ù‹ ØŒ ØªØ¬Ø§ÙˆØ² Ù‚Ù…Ù‡ Ø§Ù„Ø±Ø§Ø¨Ø¹Ù‡ Ø¹Ù†Ø¯ 1â€¦ 
dxy 
 de Ã¶rnek ÅŸekilde anlÄ±k grafik atmÄ±ÅŸtÄ±k bakalÄ±m ne olacak    dxy  
    #Ã–l    
 is showing signs of continued bullishness so far.
 making new highs then immediately dumping while  rips out of nowhere must just be coincidental 
Don't rule it out. See 1980s for reference.  
ğŸ‡©ğŸ‡ª Ø§Ù„Ù…Ø§Ù†ÙŠØ§ ğŸ‡©ğŸ‡ª - Ù…Ø¤Ø´Ø± Ø£Ø³Ø¹Ø§Ø± Ø§Ù„Ù…Ø³ØªÙ‡Ù„ÙƒÙŠÙ† Ø§Ù„Ø£Ù„Ù…Ø§Ù†ÙŠ (Ø³Ù†ÙˆÙŠØ§) (Ù†ÙˆÙÙ…Ø¨Ø±)  Ø§Ù„ØªØ¶Ø®Ù…ğŸ”µ - Ø§Ù„Ø³Ø§Ø¨Ù‚ : 10.4%ğŸ”µ - Ø§Ù„ØªÙ‚Ø¯ÙŠØ±  :  10.4%â€¦ 
  destek seviyesinden alÄ±cÄ± bulduÄŸu takdirde yeni hedefi yÃ¼kselen kanal Ã¼st direnci olacaktÄ±r .Destek altÄ±-Ã¼stÃ¼â€¦ 
"So you are lookin 4 that liquidity run $ index?-""Our economy is strong as hell - biden.""  â€¦ "
The US Dollar index   bounced once again from our Support zone which is BAD NEWS for  ! 
Statystyka na 30 listopada 2022:            â€¦ 
dxy 
 ğŸ’¸ 
 update 
"$sylo @sylo is still battling to pop up ğŸ“ˆBands are getting tighter, RSI and MACD haven't confirmed bearish or bulâ€¦ "
$EURUSD  $DXY  If there is a pending risk-off move til the end of the year (seasonality:  41xx/42â€¦ 
     
Hello Traders we have only one telegram channel and it's free join and enjoy profits  
Too much free money â€¦. Told you it will be bearish today â€¦ thank you  for the strength â€¦ easy signalâ€¦ 
Too much free money â€¦. Told you it will be bearish today â€¦ thank you  for the strength â€¦ easy signalâ€¦ 
"Peki soruyu ÅŸÃ¶yle sorayÄ±m, Abd son 3 yÄ±lda, 30Trilyon$ karÅŸÄ±lÄ±ksÄ±z para bastÄ±.Åimdi o paralarÄ± zorla  Ã¼zerindâ€¦ "
dxy 105 kritik destek bu hafta kÄ±rÄ±lÄ±r mÄ±?
@AlanLevinson10 @3977 3942-3960 will be key zone where a lot could be done with intraday trade management. Mainly lâ€¦ 
Åimdi  endeksinde 2008 konjenktÃ¼rÃ¼ne gÃ¶re yorumlayacak isek eÄŸer;buradan bir tepe oluÅŸumu ve ABD borsalarÄ±nÄ±nâ€¦ 
Bu grafik  endeksi yani  ;2008 temmuz 7' de dolar diÄŸer para birimleri karÅŸÄ±sÄ±nda %25.8 deÄŸer kazanÄ±yor.â€¦ 
"Bu iliÅŸki 2008 krizi sonrasÄ±nda ters korelasyona dÃ¶nmÃ¼ÅŸtÃ¼r. Yani; ABD borsalarÄ± dÃ¼ÅŸerken  yÃ¼kseliyor, DXY yÃ¼kseâ€¦ "
Åimdi Ã¶ncelikle  ve ABD borsalarÄ± arasÄ±ndaki iliÅŸkiden baÅŸlamak istiyorum.Herhangi bir sebepten Ã¶tÃ¼rÃ¼ dolar eâ€¦ 
BugÃ¼n   ve  grafiÄŸi gÃ¶nderdim sizlere umarÄ±m faydasÄ± olur. OnlarÄ± incelemenizi Ã¶neririm dostlarâ€¦ 
"""Cracks in China As the Anglo-American Empire Unravels"" Report by Sir Mario @maneco1964 w/ Sir Paulâ€¦ "
$DXY has likely peaked. 3 Minute video showing why.    $USD  
  the dxy they say its done - that must be right - see ya - that was FREE 
@ThatGuyAstro If  did it  could too ğŸ¤·ğŸ½â€â™‚ï¸ 
@stocksnipa That move on the  that killed the  was BS. My green trade this morn turned red on me. SPY willâ€¦ 
 daily chart ... note the tag of the 200D SMA yesterday.  Last touch of 200D SMA was end of June 2021.  Thoughtâ€¦ 
DXY CMP 106.60 $It should go up  now in coming daysWatch it out â¬†ï¸â¬†ï¸â¬†ï¸dxy 
ğŸ‘‡CRYPTO INFORMADO (11/29/2022)ğŸ‘‡Lectura RÃ¡pida: Las Top 5 Novedades Informativas  â€¦ 
 
The U.S. Dollar Index  continues to defend this support range: 
Check out my  analysis on @TradingView: 
âš ï¸Le dollars index tente de repartir chercher le haut de son range aprÃ¨s avoir bien rebondi sur le milieu de sa banâ€¦ 
Tell me what A fuck show the  is with telling me it's a  ğŸ¤£ğŸ˜‚ğŸ¤£ğŸ˜‚Really what the fuck is this?â€¦ 
 update: the market is highly erratic. The bulls are fighting hard to keep price up.Get set to catch the moveâ€¦ 
expecting retest of 106.4-106.2 range then strong  into Wednesday  and  data.
@Kozzy1712 @ThatGuyAstro No this is what happened.  
 setting up  formation on the 250t. 
     Gold Daily is also bullish trend . 
 just formed a possible DOUBLE BOTTOM which usually leads to a PUMP!! Which will in turn lead to a DUMP forâ€¦ 
"ğŸš¨ is around the support, market is still very casual &amp; manipulative, upward and downward movement can let to ovâ€¦ "
New photo posted in TRADING SIGNALS FX: '    dxy     Ä±n'â€¦ 
  Longlayan para kazanÄ±r shortlayan zengin olur shortlara sahip Ã§Ä±kÄ±n kripto burdan aÅŸaÄŸÄ± euro taÅŸ Ã§atâ€¦ 
It would be quite unfortunate if all the CTA that are massively short the $ got BTFO... $DXY 
    So funnyğŸ¤£Where do they hunt Short SLğŸ˜† 
Hereâ€™s my update on    sorry for the background noise. ğŸ˜¬ 
 - ç¾å…ƒæœˆç·šèµ°ç©º é»ƒé‡‘èµ°å¤š éç¾èµ°å¤š - TradingView - 
@StockmoneyL Avant que la chute du  soit profitable on ira d'abord toucher le fond.C'est le moment d'investirâ€¦ 
 This thing rots...It came down to midnight open = bounces fifty.  dxy
$GDX**Daily Cycle**Inside day so far but clearly trying to break to the update with the swing low on LTFAll thiâ€¦ 
 is retreating. seems to confirm. 
 bate Ã®n retragere.  pare sÄƒ confirme. 
Iâ€™m leaning towards a continuation bias due to the  being bearish and taking out topside liquidity with a HUGEâ€¦ 
 update current vs USD dotcom path. coming up... will make or break the track?   â€¦ 
" Typical price action of the devils pair. Get people long. Sell off. Take short stops, or get short - goesâ€¦ "
HaberlerğŸ‘‡ğŸ¼            Â â€¦ 
Technical Tuesday ğŸ‘‰  : Dollar index testing 200-day averageâ€¢ : S&amp;P key levels toâ€¦ 
Amerika aÃ§Ä±lÄ±ÅŸÄ±ndan sonra hÄ±zlÄ± bir ÅŸekilde tplerimizi almaya devam ediyoruzğŸ’ªğŸ½   â€¦ 
@Ergorg A double bottom dxy na MA200?
"@StockmoneyL  Double bottom bounces at MA200. Good morning dollar, see you lower "
Technical Tuesday ğŸ‘‰  : Dollar index testing 200-day averageâ€¢ : S&amp;P key levels toâ€¦ 
 plunging right at market open yet again 
"CB Consumer Confidence beating expectations, meaning consumers in US are still optimistic.Fully explained all thiâ€¦ "
Updated charts - - Target hit - Blue box target active as expected - Suspect upper blue box willâ€¦ 
Ich sehe keine neuen Impulse vom Consumer Confidence fÃ¼r den  oder . Die Zahlen zwar schwÃ¤cher als im Vormoâ€¦ 
  $GDX Added DXY to the chart below. Metals are hanging in right beneath the latest swing high whiâ€¦ 
"ğŸš¨Katar devlet doÄŸal gaz ÅŸirketi QatarEnergy, 2026 yÄ±lÄ±ndan itibaren 15 yÄ±l sÃ¼reyle Almanyaâ€™ya sÄ±vÄ±laÅŸtÄ±rÄ±lmÄ±ÅŸ doÄŸalâ€¦ "
$SPX $NDX $DJIA $RUT: $DXY   this FIB level has proven to be the real deal... Will wait for a break below 106.0â€¦ 
Saatlik olark baktÄ±ÄŸÄ±mda benm teknik  iÃ§in dÃ¼ÅŸÃ¼ÅŸÃ¼ tetikliyor Ama yapÄ± o kadar enteresan ki nereye evrilse ÅŸaÅŸÄ±â€¦ 
A better than expected CB consumer confidence can make the day for the  and 107.50 will be seen before tomorrowâ€¦ 
New photo posted in TRADING SIGNALS FX: ' iÅŸlemimiz  seviyesine ulaÅŸmÄ±ÅŸtÄ±r âœ…Kazanan arkadaÅŸlarÄ± tebrikâ€¦ 
Siz beklerken biz kazanÄ±yoruz. Vol 4 ğŸ¯ AvantajlÄ± hesap gruplarÄ± ile kazananlara katÄ±lmak iÃ§in DM ğŸ¤™ğŸ§¿@m0neymanfxâ€¦ 
Siz beklerken biz kazanÄ±yoruz. Vol 3 ğŸ¯ AvantajlÄ± hesap gruplarÄ± ile kazananlara katÄ±lmak iÃ§in DM ğŸ¤™ğŸ§¿@m0neymanfxâ€¦ 
Siz beklerken biz kazanÄ±yoruz. Vol 2ğŸ¯ AvantajlÄ± hesap gruplarÄ± ile kazananlara katÄ±lmak iÃ§in DM ğŸ¤™ğŸ§¿@m0neymanfxâ€¦ 
Siz beklerken biz kazanÄ±yoruz. Vol 1 ğŸ¯ AvantajlÄ± hesap gruplarÄ± ile kazananlara katÄ±lmak iÃ§in DM ğŸ¤™ğŸ§¿@m0neymanfxâ€¦ 
"Goodbye Dollar (), hello â¤ï¸ "
ğŸ¤  
"@laplace2011 Nacizane grafik okumada bulduklarÄ±mdan,  aylÄ±k periyotta 2000li yÄ±llara Ã§ok benziyor, ayrÄ±caâ€¦ "
dxy  
â€¯       @9ZEROESS  â€¯â€¯â€¦ 
"This is for the 20k accts that still dont understand the relationship between the , the , why that makeâ€¦ "
ABD BORSALARI AÃ‡ILDI;           â€¦ 
â€¯â€¯       @9ZEROESS  â€¯â€¯â€¦ 
Dolar endeksi beklentim hedefine ulaÅŸtÄ± ğŸ˜ğŸ¥³     
 - Letâ€™s see if it adds more pressure on  
Crash Pattern forming and till valid...One big red candle followed by 20% minimum correction (based on other model/â€¦ 
 beklediÄŸim hareket ğŸ‘‡ 
"(2/2) procent prawdopodobieÅ„stwa do tego, Å¼e szczyt DXY za nami i potencjalnie otwiera to szanse na hossÄ™ albo przyâ€¦ "
   up  $XAUUSD  $XAGUSD up together...one of them is wrong. 
@GameofTrades_  se prepara para cruce bajista de EMA de 40 y 100 dÃ­as. ğŸ§  ğŸŒ 
Nifty Bank Nifty Stocks To Trade  at New All Time Highs.  near breakout zone.  ready forâ€¦ 
"Our longer term swing trading portfolio now consists of  open long positions in . ,  and â€¦ "
 ØªØ­Ø¯ÙŠØ« Ø§Ù„Ø§ØªØ¬Ø§Ù‡ Ø´Ø±Ø· Ø±Ø¨Ø¹ Ø³Ø§Ø¹Ø© #Ø§Ù„Ø§ÙˆØ¨Ø´Ù†#Ø§Ù„Ø§Ø³ÙˆØ§Ù‚_Ø§Ù„Ø§Ù…Ø±ÙŠÙƒÙŠØ©#Ø§Ù„Ø§Ø³ÙˆØ§Ù‚_Ø§Ù„Ø³Ø¹ÙˆØ¯ÙŠØ© 
"ğŸš¨ABD'de bÃ¼yÃ¼k maÄŸazalarda perakende satÄ±ÅŸlar KasÄ±m ayÄ±nÄ±n 4.haftasÄ±nda geÃ§en yÄ±lÄ±n aynÄ± haftasÄ±na gÃ¶re yÃ¼zde 10,4 aâ€¦ "
dxy 15 dakikalÄ±k gÃ¼ncel! Ã‡anak oluÅŸumu var. Gri bÃ¶lge direncine sert yÃ¼kseliÅŸ geldi. Bir dÃ¼zeltme sonrasÄ± gri bÃ¶â€¦ 
 'daki yavaÅŸlama ile birlikte  in tavÄ±rlarÄ± daha da netleÅŸiyor.  iÃ§in daha temkinli adÄ±mlar atâ€¦ 
BugÃ¼nkÃ¼ gbp scalp showunu @06AGA58  dcsinde yaptÄ±k ğŸ¥¶  ben alamadÄ±m ama agam yine sÃ¼pÃ¼rdÃ¼ paralarÄ± dxy ÅŸerefsiz aklâ€¦ 
@RedDogT3 AgreeBeen watching  for sometimeMaybe it's just back testing ~ 107 and not going back up 
 Dollar setting up for another rally? 200dma+divergence -  chart on @TradingView 
Tradfi snapshot seems to be heading in the opposite direction of crypto majors today    $AMZNâ€¦ 
"29.11.2022 17:00 itibarÄ±yla  :18,64 :19,25 :33849,47 :85,50 :106,69 :7848,8 :1751,72"
 Go ninja go ninja go 
The U.S. dollar index  rose more than 30 points in the short term and is now at 106.72; the euro against the U.â€¦ 
New photo posted in TRADING SIGNALS FX: '   dxy    'â€¦ 
  _F 3982_F  11665Main pivots for this morning    
$DXY GETTING STRONGER ..EXPECTING GAP DOWN IN AMERICAN SESSION..  looks very weak .. even yesterdayâ€¦ 
'in son ATH'indeki  gÃ¶rÃ¼nÃ¼mÃ¼: 
 looking for at least a  3 wave move up 
 - indice usd - TradingView - 
 Dollar indexSwept the lows with local bullish divergences âœ…W bottom formation âœ…Looking for a move to the oâ€¦ 
HaberlerğŸ‘‡ğŸ¼            Â â€¦ 
HaberlerğŸ‘‡ğŸ¼            Â â€¦ 
HaberlerğŸ‘‡ğŸ¼            Â â€¦ 
 Dollar indexSwept the lows with local bullish divergences âœ…W bottom formation âœ…Looking for a move to the oâ€¦ 
dxy bu vatandaÅŸÄ±n duruÅŸu piyasa korku dolu haber verecek gibi hayÄ±rlÄ±sÄ± ğŸ™ƒ 
All eyes on the / chart heading into the CPI release.Weekly 100MA is about to cross back above the 200MA.â€¦ 
"Daily Currency ğŸ§µ- Nov 29th, 2022$DXY Remember, for the dollar's bearish trend to hold significance, we willâ€¦ "
"ğŸ‡ºğŸ‡¸  Index seems to have reached some interesting support, a bounce would leave us above level 110, weakening thâ€¦ "
                 â€¦ 
" Le dollar a bien corrigÃ© depuis dÃ©but novembre.Comme le gold, il a bien rÃ©agi sur son POI Weekly en jaune.â€¦ "
"Analyse , ,  et  ğŸ‘‡"
The Fed will lower interest rate hikes to 50 basis points at its December policy meeting. The Fed's policy rate isâ€¦ 
ğŸ‡©ğŸ‡ª Ø§Ù„Ù…Ø§Ù†ÙŠØ§ ğŸ‡©ğŸ‡ª - Ù…Ø¤Ø´Ø± Ø£Ø³Ø¹Ø§Ø± Ø§Ù„Ù…Ø³ØªÙ‡Ù„ÙƒÙŠÙ† Ø§Ù„Ø£Ù„Ù…Ø§Ù†ÙŠ (Ø³Ù†ÙˆÙŠØ§) (Ù†ÙˆÙÙ…Ø¨Ø±)  Ø§Ù„ØªØ¶Ø®Ù…ğŸ”µ - Ø§Ù„Ø³Ø§Ø¨Ù‚ : 10.4%ğŸ”µ - Ø§Ù„ØªÙ‚Ø¯ÙŠØ±  :  10.4%â€¦ 
"29.11.2022 16:00 itibarÄ±yla  :18,64 :19,34 :33849,47 :86,03 :106,28 :7906,8 :1755,22"
New photo posted in TRADING SIGNALS FX: ' gÃ¼ncel analizimiz bu ÅŸekilde    dxy â€¦ 
Kå«å…½ä¿±ä¹éƒ¨è¡Œæƒ…æ—¥æŠ¥ 11.29  å°æ—¶å›¾è¡¨DXY è®¢å•æµå‘ä¸Šï¼Œè¿™é‡Œä¾ç„¶çœ‹æ½œåœ¨QM ç»“æ„ï¼Œè¿™é‡Œå…ˆçœ‹åœ¨ç›®å‰è·å–æ”¯æ’‘ï¼Œçœ‹ç»§ç»­å‘ä¸Šæµ‹è¯•ä¸Šæ–¹4H çœ‹è·Œ OB ï¼Œè¿™é‡Œçªç ´äº†ï¼Œé‚£ç›®æ ‡å°±æ˜¯range-H çš„4H çœ‹è·ŒOBã€‚ç›®å‰è¿™â€¦ 
@Semixi end of 2023. ğŸ¤” And that corresponds to my expectation of 4-5% in the . And that's why I'm bullâ€¦ 
 11-28-22 Intro - run of the trade opporttunites and coins  -    - shorts and managing /uâ€¦ 
"GÃ¼mÃ¼ÅŸte 200 GÃ¼nlÃ¼k Ortalamaya DÄ°KKAT!Ã¼mÃ¼ÅŸ,  endeksindeki (DXY) hareketlerden etkileniyor. â€™nin 105-10â€¦ "
"VIX 23,09 â¬‡ï¸ 106,27 â¬‡ï¸/TRY 18,63 â¬†ï¸EURO/TRY 19,32 â¬†ï¸ABD10Y 3,66 â¬‡ï¸ONS  1.754 â¬†ï¸ONS GÃœMÃœÅ 21,23â€¦ "
dxy iÃ§in en Ã¶nemli direnÃ§ 109 dur.YarÄ±n powell cuma tdi ile oralara tÄ±rmanabilir. 
 4HRejected off 55ema broke through 20ema now retestingResistance 106.37Support 105.64EMAS squeeze is rejeâ€¦ 
"We are just in the end of the beginning, â€œDollar wrecking ballâ€ is far from over, we're likely going to retest theâ€¦ "
dxy hala aynÄ± deÄŸiÅŸim . 
Am I crazy for still thinking that the  will go onto put in new highs...........
7 aÃ§Ä±lan iÅŸlem6 baÅŸarÄ±lÄ± iÅŸlem âœ…1 stop âŒ 1650 usd kazanÃ§.Benimle birlikte deÄŸerlendirenlere bereketli olsun ğŸ™â€¦ 
 Dollar Index has fallen back to support from the 200-Day Moving Average at 105.40. ğŸ“‰â¡ï¸  could decline furtâ€¦ 
GM FRENS!   $SPY  $DXY  $AMC  $GME $SILVER  @CrazyLadyTraderâ€¦ 
think  goes up on whatever print we get.
dxy ve  Bu bÃ¶lgeden tepki almasÄ±nÄ± bekliyorum dolar endeksinin.Bu yÃ¼zden eur tarafÄ±na short iÅŸlem planladâ€¦ 
"29.11.2022 15:00 itibarÄ±yla  :18,64 :19,35 :33849,47 :86,14 :106,18 :7921,3 :1756,95"
    #æŠ•è³‡ #åˆå¿ƒè€…
 A bullish pendant in formation . On breakout targets could be as high as 1930 lvls. On crossing above 1810 lvâ€¦ 
 62+ PIPS BEFORE AFTER RESULTJoin Us For More Free Analysis and Free  
 114+ PIPS BEFORE AFTER RESULTJoin Us For More Free Analysis and Free  
 142+ PIPS BEFORE AFTER RESULTJoin Us For More Free Analysis and Free  
US Dollar Currency Index (DXY) -  chart on @TradingView 
 160+ PIPS BEFORE AFTER RESULTJoin Us For More Free Analysis and Free  
"ğŸ“ S&amp;P500 teknoloji endeksinde Ã§ok kÄ±sa vadede 4004,00 seviyesinin altÄ±nda hedef 3960,00 ve ilerleyen seviyelerde 39â€¦ "
 4HRejected off 55ema broke through 20ema now retestingResistance 106.37Support 105.64EMAS squeeze is rejeâ€¦ 
dxy   Kafa karÄ±ÅŸtÄ±rÄ±cÄ±.BakalÄ±m yarÄ±nki veriler iÃ§in Ã¶ncÃ¼ sinyal olabilirmi .Fx de iÅŸlem alan varsa fikirleriniâ€¦ 
DXY brief gain to the resistance area ğŸ“–ğŸš€ -  chart on @TradingView 
Åu anki beklenti 2023 Ã¼n ilk 3 toplantÄ±sÄ±nda 25 sonra sÄ±fÄ±r sonra 25 25 dÃ¼ÅŸÃ¼rme. Yani bu aralÄ±ktaki 50 son 50 olaraâ€¦ 
 update Bearish pattern Ò¯Ò¯ÑÑÑĞ½ ÑÑÑ‚ÑÑ€ÑÑĞ½ Ğ¼Ó©Ğ½ Ğ´Ğ°Ñ…Ğ¸Ğ°Ğ´ Ğ¶Ğ¸Ğ¶Ğ¸Ğ³ Ò¯Ò¯ÑÑÑĞ½ ÑÑÑ‚ÑÑ€ÑÑĞ½ Ğ±Ğ¾Ğ»Ğ¾Ğ²Ñ‡ Ğ±ÑƒÑ†Ğ°Ğ¶ Ğ´ÑÑÑˆÑÑ Ğ½ÑĞ³ ÑˆĞ°Ğ»Ğ³Ğ°Ğ°Ğ´ Ğ¾Ğ´Ğ¾Ğ¾â€¦ 
Bullish and Bearish Candlestick Patterns!!Watch and learn.   â€¦ 
"$USDJPY update. Does it claim 157-160 next year? So far achieved all the measured moves, bar one.  â€¦ "
"Daily Market Report - Tues, Nov 29, 2022 futures recovered from the previous session's lows.European sharesâ€¦ "
"ğŸ“°OMGFIN Daily News-----------------------------Price analysis 11/28: SPX, DXY, BTC, ETH, BNB, XRP, ADA, DOGE, MATâ€¦ "
"ğŸš¨November29/2022,       â€¦ "
"Slightly longer term view of  The tiny move down in the minor blue c wave should give way to higher dollar, lowâ€¦ "
"""What the Dollar Index and Gold Are Really Telling Us"" Report by Sir Mario @maneco1964  â€¦ "
"ğŸ“ NASDAQ (US100) 11735,00 seviyesinin altÄ±nda hedef 11610,00 ve ilerleyen seviyelerde 11575,00 olmak Ã¼zere satÄ±ÅŸ poâ€¦ "
 Structure still bearish but waiting for its breakdown below 104.5 Zone ....Upside capped at 108 for now ....Leâ€¦ 
"29.11.2022 14:00 itibarÄ±yla  :18,64 :19,35 :33849,47 :86,09 :106,20 :7923,8 :1755,56"
      ãƒ‰ãƒ«ã‚¤ãƒ³ãƒ‡ãƒƒã‚¯ã‚¹ã¨ãƒ‰ãƒ«å††ãŒWã§ä¸Šã’ã¦ã‚´ãƒ¼ãƒ«ãƒ‰ã¨ã‚ªã‚¸ãƒ‰ãƒ«ã¯é€†ä¸‰å°Šã®å³è‚©è½ã¨ã—ï¼Ÿ 
" seems to be dropping closer to the 105 range, which might give some relief for  to text the 18k resistanceâ€¦ "
"MyBag - holding all of them.Some of them has SL risk because of dxy uncertainity.And, most of them has potentiaâ€¦ "
" update. As the  seeks a temporary low, before catching a bid (looking for a retest of the 15 Nov low andâ€¦ "
Birbirinden ayrÄ±ÅŸan petrol ve enerji tekrar birleÅŸir mi?  Â    â€¦ 
" Herif 21 HaftalÄ±ÄŸÄ±n Ã¼zerine oturdu, dÃ¼nyayÄ± izliyor. "
 | 2S Beklentim ArtmasÄ± YÃ¶nÃ¼nde ve GeÃ§erli Sebeplerim Var ğŸ’ªğŸ˜ğŸ”¥ 
ğŸ“º Piyasalar ABD Ä°stihdam Verileriyle Hareketleniyor Saat 16.00'da @triveyatirim YouTube kanalÄ±nda Ä±YayÄ±n dayÄ±â€¦ 
" - It is within a decisive zone. It is necessary to be patient, the break of the extremes will indicate the path of least resistance."
#Ø§Ù„Ø¯ÙˆÙ„Ø§Ø± dxyØ¨Ø¯Ø¡ ÙŠØµØ­ØµØ­ ÙƒØ£Ù†Ù‡ ÙŠÙ‚ÙˆÙ„ Ø§Ø¨ÙŠ Ø§Ø³Ù„Ù… Ø¹Ù„Ù‰ 120
 ABD Dolar Endeksinde destek ve direnÃ§ler grafik Ã¼zerinde belirtilmiÅŸtir.  ve diÄŸer â€™ler iÃ§in takiâ€¦ 
106.00 - 
dxy looking good for LT 
 very simple..Every pump is a short opportunity ! 
Hafta baÅŸlangÄ±cÄ±yla birlikte ABD endekslerinde geri Ã§ekilmeler gÃ¶rmekteyiz. Bunun sebebi Ã‡in'de ki Covid kÄ±sÄ±tlamalâ€¦ 
"@BCBacker  DXY 5 waves down, wave 6 rolled up to wave 4, wave 7 new low coming? "
 Index looks offered near 106.00 dxy    â€¦ 
The average odds of a bounce by  on the medium-term is just shy of 90%. Its over 90% according to long term hisâ€¦ 
"29.11.2022 13:00 itibarÄ±yla  :18,64 :19,32 :33849,47 :85,68 :106,38 :7888,8 :1754,04"
Dijital varlÄ±k yatÄ±rÄ±m Ã¼rÃ¼nlerinde son durumğŸ‘‡  Ã–nceki hafta gÃ¶rÃ¼len olumsuz havanÄ±n devamÄ±nda toplam 23 milyoâ€¦ 
" attempting to carve a bottom here, I do think the writing is on the wall, hence risk assets have found a localâ€¦ "
Update  :comme vue hier sur  bougie journaliÃ¨re clÃ´turÃ©e sous rÃ©sistance.ğŸ‡ªğŸ‡º â¡ï¸ - 1.28%ğŸ‡¬ğŸ‡§â€¦ 
"Green line is usd and this is not like a stable coin.If usd can reach the yellow line, it will be a stable coin anâ€¦ "
Check out my  analysis on @TradingView: 
 AlÄ±ntÄ± tweet'e bakÄ±nÄ±z. 113 puanlardan 104 puanlara kadar dÃ¼ÅŸÃ¼ÅŸ eÄŸilimi ve oradan 120 puan bandÄ±na bir seyirâ€¦ 
                 â€¦ 
Check out my  analysis on @TradingView: 
 SelÃ§uk GÄ±da Hedef 2 Geldi. Analiz Sonu....       â€¦ 
"$DXY Update""SupplyZone + FVG =Great Resistance""â€¢108-110 = 1st Resistance Zoneâ€¢111-112.8 = 2nd Resistance zoneâ€¦ "
â™¨ï¸Actif : â™¨ï¸Timeframe : H1â™¨ï¸Trader : @TheMasterVixCommentaires : Le marche devrait continuer a prendre quelâ€¦ 
Check out my  analysis on @TradingView: 
New photo posted in TRADING SIGNALS FX: ' iÅŸlemimiz TP1 seviyesine ulaÅŸmÄ±ÅŸtÄ±r âœ…ğŸ’BaÅŸarÄ± tesadÃ¼f deÄŸildir ğŸ¯â€¦ 
Check out my  analysis on @TradingView: 
                 â€¦ 
 -Libra formasyonu ile beraber gÃ¼zel bir alÄ±m bÃ¶lgesi oluÅŸmuÅŸ fiyat bÃ¶lgeye geldiÄŸinde deÄŸerlendirilebilir. 
                 â€¦ 
DXY H4 - Next Bull Wave Incoming -  chart on @TradingView 
     EURUSD &amp; Gold longtrend 
                 â€¦ 
Dolar Endeksinde AÅŸaÄŸÄ±da 104.63 DesteÄŸi Ã–nemli OlacaktÄ±r..Bu Seviyelere DoÄŸru Geri Ã‡ekilmelerde AlÄ±m Ä°ÅŸlemlâ€¦ 
New photo posted in TRADING SIGNALS FX: ' bakalÄ±m bu sefer tuttu mu :) dxy   'â€¦ 
Dolar Endeksinde AÅŸaÄŸÄ±da 104.63 DesteÄŸi Ã–nemli OlacaktÄ±r..Bu Seviyelere DoÄŸru Geri Ã‡ekilmelerde AlÄ±m Ä°ÅŸlemlâ€¦ 
DXY Pozitif YÃ¶nde Devam Ediyor.. - @TradingView 'de  grafiÄŸi 
dxy    $btc  
Used normal signals &amp; analytic ğŸ’µ  dxy     â€¦ 
dxy   euro ve gbp 200ema direncinde ve dxy de 200ema desteÄŸinde. dxy lehine bir dÃ¼zeltme olasÄ±dÄ±r. 
"29.11.2022 12:00 itibarÄ±yla  :18,64 :19,35 :33849,47 :85,79 :106,16 :7894,8 :1757,01"
Yesterday breakdown of  but it recovered suddenly. Was it a fake breakdown?? Again testing the supports of bearâ€¦ 
 Precious metals trying to stage a massive reversal overnight. After closing with a big red candle thâ€¦ 
"Bu yÄ±l, yatÄ±rÄ±mcÄ±lar enflasyon ve ABD faiz artÄ±rÄ±mlarÄ± Ã¼zerine bahislerini artÄ±rÄ±rken dolar durdurulamaz gÃ¶rÃ¼nen biâ€¦ "
Ø§Ù†ØªØ´Ø±Øª Ù…Ø¤Ø®Ø±Ø§ ØµÙˆØ±Ù‡ Ù„ÙØªØ§Ù‡ ÙÙŠ Ø§Ù„ØªÙˆØ§ØµÙ„ Ø§Ù„Ø§Ø¬ØªÙ…Ø§Ø¹ÙŠ ÙˆØªØ¯Ø¹Ø§ Caroline Ellison Ø¨Ø¹Ø¯ Ø§Ù†Ù‡ÙŠØ§Ø± Ø¹Ù…Ù„Ø© Ù…Ù† Ù‡ÙŠ ÙˆÙ…Ø§ Ø·Ø¨ÙŠØ¹Ø© Ø¹Ù…Ù„Ù‡Ø§ ÙÙŠâ€¦ 
 Pound. Launches higher. ğŸ“ˆğŸ“ˆğŸ“ˆğŸ“ˆğŸš€ğŸš€ğŸš€ dxy
"Wallstreetcourier shows that large speculators in  are leaving the market, which is bearish U.S. dollar. "
Free Telegram Channel -         â€¦ 
"Bitcoin $BTC Update | Crypto Trading Stategie met $LINK, $THETA, $YFII &amp; $ dxyâ€¦ "
DXY update:- DXY = U.S. Dollar index --&gt; Strength of the dollar.- DXY touched range low and daily 200MA.- We expâ€¦ 
Check out my  analysis on @TradingView: 
  $GDXPrecious metals holding key support so far. Need to preserve weekly chart structure here. Any mâ€¦ 
DKY: might it cross below its 200-day? -  chart on @TradingView 
 (H4) has broken the falling resistance upside and should be  from now. 
 Intraday reversal creates bullish outside daily candle but weâ€™re still in a downtrend until key levels are brâ€¦ 
Still playing out. is respecting this level of support and 200 MA on Daily timeframe.We rather range for a lâ€¦ 
 expected move down towards the small blue c wave should correspond with a pump in  and other  assetâ€¦ 
$PAAS âš ï¸ Massively underperforming other miners and  itself. Donâ€™t see any reason to own this one based oâ€¦ 
 dxy   $dxy - 4 hr chart. update from 9Nov22. looks like short term bottom is made. upmoveâ€¦ 
 
"29.11.2022 11:00 itibarÄ±yla  :18,64 :19,33 :33849,47 :85,50 :106,25 :7853,3 :1754,16"
 less vs still  Dec/22 50bps Rate Hike  2B-114.50 &lt;109.50  W 105.â€¦ 
Dolar endeksi paralelinde harekete devam ediyoruz. 17.45 geÃ§ilemeyince yine satÄ±ÅŸlar hÄ±zlandÄ±. da 16.92 beâ€¦ 
 - End of Wave 5? Levels 108.00 and 105.320 are decisive.
" Paralarda BugÃ¼n - Toplam Piyasa DeÄŸeri: 835 milyar dolar â¬†ï¸-  DominansÄ±: %37,91 â¬‡ï¸-  DominansÄ±:â€¦ "
ErgÃ¤nzend findet Ihr unserer T|T|T Daily  Preview unter dem folgenden Link:ğŸ‘‡ 
@Icarus_Soulfly  % 167 Afiyet olsun efemÃ‡izen: ğŸ‘‘ğŸ§™â€â™‚ï¸ RAGNAR @Icarus_SoulflyÃœNEÅ â˜€ğŸŒ ONSğŸ‡¹ğŸ‡·ğŸ‡¹ğŸ‡·â€¦ 
It's crazy how people think 2-5 years to become a good trader is a long time.ğŸ¤¨But do not feel 40 years at a job iâ€¦ 
  @GoldmanSachs  Disorderly Early Exit     Strike â€¦ 
 analysis 
" 105  3,5  1.800 ve  23 hedeflerim halen geÃ§erli. Ytd"
Herkese gÃ¼naydÄ±n arkadaÅŸlar ğŸŒŸğŸŒŸGÃ¼nÃ¼n ilk iÅŸlemi  â€¼ï¸â€¼ï¸Bu ay iÃ§in VÄ°P kanalÄ±mÄ± 260 kiÅŸiye Ã§Ä±karÄ±p alÄ±mlarÄ± durâ€¦ 
New photo posted in TRADING SIGNALS FX: 'GÃ¼nÃ¼n ilk kazancÄ±  ile geldi âœ…     dxyâ€¦ 
Probably just watch the  and to a slightly less extent the  chart and the  for a clue on risk sentiment today...
@Icarus_Soulfly SÃ¶yleyen: ğŸ‘‘ğŸ§™â€â™‚ï¸ RAGNAR @Icarus_SoulflyÃœNEÅ â˜€ğŸŒ ONSğŸ‡¹ğŸ‡·ğŸ‡¹ğŸ‡· ğŸ“Š ğŸ“¶â€¦ 
@Icarus_Soulfly SÃ¶yleyen: ğŸ‘‘ğŸ§™â€â™‚ï¸ RAGNAR @Icarus_SoulflyÃœNEÅ â˜€ğŸŒ ONSğŸ‡¹ğŸ‡·ğŸ‡¹ğŸ‡· ğŸ“Š ğŸ“¶â€¦ 
"@Icarus_Soulfly Ne derler;Sigortan varsa saÄŸlÄ±k olsun, yoksa geÃ§miÅŸ olsun.Ã‡izen: ğŸ‘‘ğŸ§™â€â™‚ï¸ RAGNAR @Icarus_Soulflyâ€¦ "
What can we expect from  today?  with little volatility despite the overnight fluctuation of theâ€¦ 
Significant Liquidity level purged below 105.340 on the DXYThe short-term fate of the Dollar is yet to be seen nowâ€¦ 
zayÄ±f dxy  107 Ã¼zerinde duramÄ±yÄ±r. buda emtia ve diÄŸer riskli varlÄ±klarda fiyatlarÄ±n daha rahat yukarâ€¦ 
 TOP DOWN ANALYSIS! I found my bearings again. No more getting confused. Going to ignore the background noise aâ€¦ 
"29.11.2022 10:00 itibarÄ±yla  :18,63 :19,31 :33849,47 :85,24 :106,42 :7834,8 :1751,98"
$GBPCAD SELL @1.61200TP1 @1.61000TP2 @1.60700TP3 @1.60200SL @1.61900Note:- Use exact Entry or below this levâ€¦ 
" , 2070 den gelen dusus trendÄ±nÄ±n kÄ±rÄ±ldÄ±gÄ±nÄ±, 1617lerde dip yapan onsun 1730 pÄ±vot noktasÄ± Ã¼zerÄ±nde trade eâ€¦ "
Check out my  analysis on @TradingView:  DXY idealne trafienie w SMA 200 oparzenie i odskok ğŸ˜‚
Media Coverage: Finrex Treasury Advisors LLP head Mr Anil Kumar Bhansali quoted in the esteemed platforms dated 28/â€¦ 
"$XLE : $SPX First Target is 27Therefore,  outperforms        â€¦ "
 ons altÄ±n 1760 Ã¶nemli bir direnÃ§tir. Bu direncin Ã¼zerinde kapanÄ±ÅŸlarda takip edeceÄŸim direnÃ§ler 1800-1840-1â€¦ 
Dolar endeksi 200 gÃ¼nlÃ¼k ortalamanÄ±n Ã¼zerinde bulunuyor. YÃ¼kseliÅŸ trendi sonlanan DXY'de 105.30 / 105.00 bÃ¶lgesi Ã¶nâ€¦ 
@CryptoCapo_ artÄ±k dediklerine inanmaya baÅŸladÄ±m  dxy 
 1D Chart Outlook [PROPER SIGNALS JOINE OUR TELEGRAM CHANAL] â€¦ 
That initial dip was much needed and easy to see. dxy back above 106 anything is possible
" GÃ¼naydÄ±n Elitfinans ailesi. BeklediÄŸimiz 105 seviyesi gÃ¶rÃ¼lmÃ¼ÅŸ. 110 kÄ±rÄ±lÄ±rkende, destek gÃ¶rÃ¼lÃ¼rkende haber veâ€¦ "
 rallies and  rallies are not the same thingStop focussing on . It is the most irrelevant widelyâ€¦ 
Herkese gÃ¼naydÄ±n arkadaÅŸlar  haftalÄ±kta pozitif uyumsuzluk sÃ¶z konusudur. Biliyorsunuz bazen olur bazen gerceklâ€¦ 
Yet the cheap Chinese labor is just a function of an overvalued  aided and abetted by the  +â€¦ 
Orta vadeli dÃ¼ÅŸÃ¼ncem : dxy 105 civarÄ± takip edeceÄŸim eÄŸer altÄ± gelirse abd borsalarÄ±nÄ±n negatif etkileneceÄŸini dÃ¼ÅŸÃ¼nÃ¼yorum.
" Weekly ChartJumping down to the weekly, we have some more information. Weekly supports have been broken sincâ€¦ "
"  Monthly ChartLooking at the monthly, depending on how we close. This bearish monthly candle will engulf almâ€¦ "
dxy ile ilgili ben de bi kelÃ¢m edeyim. HaftalÄ±k grafikte iÅŸaretli bÃ¶lge altÄ±nda mum kapanÄ±ÅŸ gelirse bÃ¼tÃ¼n riskli vâ€¦ 
$Dxy Breakout From Overall Bearish Trend As Long It Holds Abv 105.34$ Im Looking Towards 108.4$!!â€¦ 
"$DXY, M. As you see it. it could be faster than 1985&amp;6.Just saying. Got Gold &amp; Silver. "
"  session provided good amount of volatility., , , and  experienceâ€¦ "
 
ğŸ”´Ø§Ù„ÙŠÙˆÙ…ğŸŸ¢ğŸ‡©ğŸ‡ª Ù…Ø¤Ø´Ø± Ø£Ø³Ø¹Ø§Ø± Ø§Ù„Ù…Ø³ØªÙ‡Ù„ÙƒÙŠÙ† Ø§Ù„ØªØ¶Ø®Ù… / 4.00Ù… Ù…ÙƒØ©ğŸš¨ğŸ‡¨ğŸ‡¦ Ø§Ù„Ù†Ø§ØªØ¬ Ø§Ù„Ù…Ø­Ù„ÙŠ / 4.30Ù… Ù…ÙƒØ©ğŸ‡ºğŸ‡¸ Ù…Ø¤Ø´Ø± Ø«Ù‚Ø© Ø§Ù„Ù…Ø³ØªÙ‡Ù„Ùƒ / 6.00 Ù…ÙƒØ©ğŸš¨â€¦ 
Caught $Gold right on time.       â€¦ 
Haven't scalped   in a while been swing trading. Looking like markets are near a reversal but judging byâ€¦ 
AGAINTHE INDICATOR OF THE DAY -&gt; DOWNAll markets -&gt; UP    Follow DXY onliâ€¦ 
     ã‚¤ãƒ³ãƒ‡ãƒƒã‚¯ã‚¹çµŒéã“ã®æ™‚ã‚´ãƒ¼ãƒ«ãƒ‰ã•ã‚“ä¸ŠãŒã‚‰ãªã„ã‚“ã˜ã‚‡ãªã„ã‹ï¼Ÿã¦äºˆæ„Ÿã—ã¦ãŸã¿ãŸã„ã€‚ã€‚æ˜¨å¤œã¯å³é€ƒã’ã¦è‰¯ã‹ã£ãŸwã•ã¦DXYã‚‚Wä½œã£ã¦ã“ãªã„ã‹ã‚„ğŸ™„â€¦ 
 Todo parece indicar que nos dirijimos a esa area en los proximos meses.Lo cual generaria alivio en lasâ€¦ 
 4H Chart Outlook [PROPER SIGNALS JOINE OUR TELEGRAM CHANAL] â€¦ 
"ØªØ­Ø¯ÙŠØ« Ø§Ù„Ø¯ÙˆÙ„Ø§Ø±  ÙŠØ³ØªÙ‡Ø¯Ù 103 ÙŠÙˆÙ… 14 Ø¯ÙŠØ³Ù…Ø¨Ø± Ù…Ø¹Ø§Ø¯ Ø£Ø¬ØªÙ…Ø§Ø¹ Ø§Ù„ÙØ¯Ø±Ø§Ù„ÙŠ ÙŠÙØ´Ù„ Ø§Ù„ØªØ­Ù„ÙŠÙ„ Ø¨Ø§Ø®ØªØ±Ø§Ù‚ Ùˆ Ø§ØºÙ„Ø§Ù‚ ÙŠÙˆÙ… 107,5 ÙˆØ§Ù„Ù„Ù‡ Ø§Ø¹Ù„â€¦ "
"  Endexi, dostlar ara sÄ±ra buna gÃ¶zucu ile bakalÄ±m. -Ã‡Ä±kÄ±ÅŸÄ±; dolarÄ±n gÃ¼Ã§lenmesi-artmasÄ± demek, Borsa endexleriâ€¦ "
dxy  à¹€à¸­à¹‰à¸²à¸¢à¸à¸¡à¸±à¹‰à¸¢ à¸¢à¸à¸¡à¸±à¹‰à¸¢ 
DXY liquidity recovers after Thanksgiving -  chart on @TradingView 
 è¿‘æœŸç¾å…ƒæŒ‡æ•°ç›¸å½“åƒè°æ³¢ï¼Œåˆä¸€ä¸ªç²¾å‡†çš„èµ›ç¦å½¢æ€å®Œæˆåå›è°ƒ 
     
Good MorningMarket Crux           â€¦ 
"Global  market cap now is $8306,Â Â  dominance is 37.62%  dominance is 17.41% dominance is 7.8â€¦ "
 ç¾å…ƒæŒ‡æ•°å‘¨çº¿è¿™æ ¹Kçº¿å°±æ˜¯å®ƒçš„ç“¶ç›–ï¼Œæ­»æ­»å‹ä½å¤šå¤´åæ‰‘ã€‚
"US Dolar Index  turun 0.18% ke level 106.45, tertahan oleh minat safe-haven dollar AS yang meningkat akibat kebâ€¦ "
Äğ—¶ğ—²Ì‚Ì‰ğ—º ğ—§ğ—¶ğ—» ğ—§ğ—µğ—¶Ì£ ğ—§ğ—¿ğ˜‚Ì›ğ—¼Ì›Ì€ğ—»ğ—´ğŸ“‰29.11.2022ğŸ“ˆâš¡Chá»©ng khoÃ¡n Má»¹  thoÃ¡i lui sau khi vÆ°á»£t lÃªn trÃªn má»‘c 34.000! Ä‘â€¦ 
SOP for 29th Nov 2022     â€¦ 
 Bounced off the 200 DğŸŸªSMA for now... we got our eye on you Dixie... ğŸ‘€ 
ğŸ„â€â™€ï¸ ğŸ‰ 
"   #ãƒ‰ãƒ« #å†† #ãƒ¦ãƒ¼ãƒ­ #ã‚¤ãƒ³ãƒ‡ãƒƒã‚¯ã‚¹ã€€ãƒ‰ãƒ«ã‚¤ãƒ³ãƒ‡ãƒƒã‚¯ã‚¹200MAã«æ”¯ãˆã‚‰ã‚Œã¦ã„ã‚‹ã‚‚ã®ã®ç›´è¿‘é«˜å®‰å€¤åˆ‡ã‚Šä¸‹ã’ã‹ã¤ãƒ€ã‚¤ãƒ¤ãƒ¢ãƒ³ãƒ‰å½¢çŠ¶ã‚’ã—ã¦ãŠã‚Šã¡ã‚‡ã£ã¨ä¸‹ç›®ç·šã«å‚¾ãã¤ã¤ã‚ã‚‹ã‚ˆã†ãª,,,å††ã‚¤ãƒ³ãƒ‡ãƒƒã‚¯â€¦ "
Divergence caused by two global tops &gt; divergence caused by two local tops. '01 crash corrected  by 41% to 70.â€¦ 
ğŸ‘‡CRYPTO INFORMADO (11/28/2022)ğŸ‘‡Lectura RÃ¡pida: Las Top 5 Novedades Informativas  â€¦ 
FX views in less than 3 mins on Spotify: @   dxy â€¦ 
This is  for the US.  â¬‡ï¸  â¬†ï¸ 
"Hit 105.365 and bounced today to try to retest 106.895 Until close &lt; 105.365 or at least 105.550, pressureâ€¦ "
Sold 0.03 Lots USDJPY 138.911            
"Eh yo its that magic guy, Just Dropping the MoonDay Forecast on YouTube!  â€¦ "
" If this is top, respectively you need to consider time. Time to pattern. Previous high swiped 2x more higherâ€¦ "
this descending triangle on the dxy daily compliments the bull flag on the gold chart. 
 å°æ—¶å›¾è¡¨å°æ—¶è®¢å•æµå‘ä¸Šã€‚æ˜¨æ™šç‹‚æš´ç¾å…ƒï¼Œè¿™é‡Œå·²ç»4H CH ï¼Œè®¢å•æµå‘ä¸Šï¼Œç›®æ ‡ç»§ç»­çœ‹ä¸Šæ–¹4H çœ‹è·ŒOBã€‚å¦‚æœè¿™ä¸ª4H OB çªç ´ï¼Œé‚£ç›®æ ‡ä¸Šæ–¹range-H  å’Œ 108 çš„4H OB 
Kå«å…½ä¿±ä¹éƒ¨è¡Œæƒ…æ—©æŠ¥2022.11.29 æ—¥çº¿å›¾è¡¨æ—¥çº¿è®¢å•æµå‘ä¸‹ã€‚æ˜¨å¤©DXY æ’é’ˆå‘ä¸‹ï¼Œå½¢æˆç­‰ä½ç‚¹åï¼Œå¼ºåŠ¿åå¼¹ã€‚è¿™é‡Œå…ˆçœ‹rangeéœ‡è¡ï¼Œ å…ˆçœ‹å¯¹range-H 108 çš„æµ‹è¯•ï¼Œ 108 çªç ´ï¼Œé‚£ç›®æ ‡çœ‹109.5â€¦ 
                 â€¦ 
 bounced off the 200 DMA and closed just a tad above the 8 EMA with very supportive candles. Sounds like a reveâ€¦ 
 Lines up Market still in downward structure. RSIâ€™s heavy split on the daily so move up is weak. Vectorâ€¦ 
 and  
With  looking bullish  should be inverse and the Dtf shows signs of that. Moneyflow in the red and momentumâ€¦ 
" numbers for the day.  Looking to buy strong currencies ,, against weak currenciesâ€¦ "
"$DXY Daily TA Cautiously Bullish. Recommended ratio: 70% DXY, 30% Cash. Mental SL: (one close below) $105.35.â€¦ "
 Ù‡Ù„ Ø³Ù†Ø±Ù‰ Ø´Ù…Ø¹Ø© Ø¨Ø§Ù„Ø¹Ø© Ø´Ù‡Ø±ÙŠØ© Ø¹Ù„Ù‰ Ø§Ù„Ø¯ÙˆÙ„Ø§Ø± ğŸ»ğŸ‘€ğŸ§ğŸ¤·â€â™‚ï¸ğŸ¤·â€â™‚ï¸ğŸ¤·â€â™‚ï¸? 
dxy  
 bulls fighting back and seems not to back down.  
 clipping stops like a champ haha 
 &amp;  look primed for a reversal. But but inflation has pEaKd 
" at an interesting junction. Was that w5 as in this Alt#? It qualify w/ a winy-tiny low, but can't know until râ€¦ "
"âš¡ï¸ Like I said, the 200 SMA was a magnet for Price and support.âš¡ï¸  "
"  Forecast Nov 28, 2022 EUR/USD Forecast November 16, 2022   "
Fed comments lead to the  reversal? Price looked to be testing at a lower break before buyers reversed from 105â€¦ 
$DXY  PyraWeb chart update.  The hammer candle today makes me think price wants to test the above chamber againâ€¦ 
ØªØªØ±Ø§ÙˆØ­ Ø§Ù„ØªØ²Ø§Ù…Ø§Øª  Ø¨ÙŠÙ† 1 Ù…Ù„ÙŠØ§Ø± Ø¯ÙˆÙ„Ø§Ø± Ùˆ 10 Ù…Ù„ÙŠØ§Ø±Ø§Øª Ø¯ÙˆÙ„Ø§Ø± ğŸ˜â€¯â€¯â€¯   â€¯#Ø§Ù„Ø¨ØªÙƒÙˆÙŠÙ†â€¦ 
Dollar Base Economies might suffer recession 2023. 
"@BloombergAU Current Reality&gt;   rises, shares fall.$AUD falls against USD, Australian shares dip, then risâ€¦ "
Ù…Ù„ÙØ§Øª  Ù„Ù…Ù‚Ø±Ø¶ Ø§Ù„Ø¹Ù…Ù„Ø§Øª Ø§Ù„Ù…Ø´ÙØ±Ø©ØªÙ‚Ø¯Ù…Ø© Ø¨Ø´ÙƒÙ„ Ø±Ø³Ù…ÙŠ Ù„Ø·Ù„Ø¨ Ø§Ù„Ø¥ÙÙ„Ø§Ø³ ÙØµÙ„ 11 Ù…Ù† Ø§Ù„Ù‚Ø§Ù†ÙˆÙ†â€¯â€¯â€¯   â€¯â€¦ 
Surely you suspect the  is rigged as well right?
"Looking at the US dollar  , we may be going back to $15.6k for  No pop before Dec 14th ? "
"@Icarus_Soulfly  %155 hedefteNe derler;Sigortan varsa saÄŸlÄ±k olsun, yoksa geÃ§miÅŸ olsun.Ã‡izen: ğŸ‘‘ğŸ§™â€â™‚ï¸ RAGNAâ€¦ "
 correction is close to my time line and priceX 
" is falling on Monday after being unable to hold onto gains. It hit a fresh weekly high at $1,763.65 and theâ€¦ "
"@Icarus_Soulfly  Ã‡elik hasÄ±r %358Ä°ÅŸlemesi Ã§ok zor 3 ÅŸey vardÄ±r bu hayatta,Elmas, Ã§elik ve insan ruhuÃ‡izen:â€¦ "
US Dollar Index===========A.L.E.R. dxy     â€¦ 
     _F  If you watched the video release this weekend .... target for lower tradâ€¦ 
dxy  #Ø§Ù„Ø¯ÙˆÙ„Ø§Ø±Ø§Ù„Ø¯ÙˆÙ„Ø§Ø± ÙŠØ®ØªØ±Ù‚ Ø§Ù„Ù…Ø«Ù„Ø« ÙˆØ´ÙƒÙ„ Ø´Ù…Ø¹Ø© Ø¯ÙˆØ¬ÙŠ Ø¹Ø§ÙƒØ³Ù‡ Ù„Ù„Ø§ØªØ¬Ø§Ù‡ 
@Icarus_Soulfly  %230 veya Ã‡izen: ğŸ‘‘ğŸ§™â€â™‚ï¸ RAGNAR @Icarus_SoulflyTeÅŸekkÃ¼rlerğŸ™ hocamÃœNEÅ â˜€ğŸŒâ€¦ 
#Ù…Ø¤Ø´Ø±_Ø§Ù„Ø¯ÙˆÙ„Ø§Ø± Ù…Ù† ØµÙÙ‚Ø§Øª Ø§Ù„Ù‚Ù†Ø§Ø© Ø§Ù„Ù…Ù…ÙŠØ²Ø©ØµÙÙ‚Ø© Ù…ÙˆÙÙ‚Ø©Ø¨ØªÙØ¶ÙŠÙ„ Ø§Ù„Ø´Ø±Ø§Ø¡Ù…Ù† Ù…Ø³ØªÙˆÙ‰ 106.25 Ø«Ù… 105.70Ø­ÙŠØ« Ù‡Ø¨Ø·Øª Ø§Ù„Ø£Ø³Ø¹Ø§Ø± ÙˆØµÙˆÙ„â€¦ 
 Making a case for a cycle low here...needs a few more days of convincing rallying to confirm 
"ğŸ“ˆMarket Conditions TodayğŸ“‰ğŸ”» 1.45% ğŸ’²33,850 ğŸ”» 1.51% ğŸ’²3,965ğŸ”» 1.58%ğŸ’²11,050ğŸ”» 0.16% - 3.696%â€¦ "
"Nesta semana, se espera que a situaÃ§Ã£o do emprego nos Estados Unidos continue se mantendo mas  um mercado de trabalâ€¦ "
 Double Bottom Manifests! 1.09-110 viable. Over 110 New Highs coming!  
Big swings intraday in all markets shows that we are near a big reversal  dxy
 Fractal:Visually proposed Directions: Markets 
 Fractal:Visually proposed Directions: Markets 
Never miss my tradeâš ï¸  Full 230 pips target achieved.For next trades whatsapp nowâ¬‡ï¸â€¦ 
 pumping steadily dropping steadily $BTC just stopped moving completely Something smells ğŸ£ 
 / $DXYNice confluence here.. May wanna join the party. - Divergence on the daily- holding daily 200EMA- Tâ€¦ 
DXY -  chart on @TradingView 
@theesniperqueen  pullback 
"Both  and  failed breakdown attempts on the daily, and an engulfing daily reversal on the Entered shoâ€¦ "
Interesting rally in . Tomorrow we'll see if it was just a bounce or if the dollar will continue to crush the mâ€¦ 
I totally unfollow this clownğŸ¤¡!     â€¦ 
Bull &amp;Bear Trap!!Watch and learn with me.     â€¦ 
  dxy haftalÄ±k grafikte oluÅŸmasÄ±nÄ± beklediÄŸim tahmini formasyonum Omuz BaÅŸ Omuz formasyonudur.Bu foâ€¦ 
ArkadaÅŸlar bugÃ¼nÃ¼ bu gÃ¼zel kazanÃ§la noktalÄ±yoruz yine Fatih Soysala gÃ¼venenler kazanmasÄ±nÄ± bildi yarÄ±n gÃ¶rÃ¼ÅŸmek dilâ€¦ 
 pozitif uyumsuzluk var dedikten sonra ğŸ¯ ni tutuyorlar ama  
dxy (1D)ğŸ”¥ 
U.S. Dollar safe haven bid regroups from Friday after thwarting AM EUR and GBP rally.  Index up 0.5% to 106.50â€¦ 
 No buyers in sight. New lows after new lows after London closed hours ago. Avalanche afternoon â¤µï¸ğŸ“‰ğŸ“‰ dxy 
 price action bids on retest of the lows of last week's range confluent with holding area. Price now looking toâ€¦ 
"He is a Price analysis of  , ,  , ,  , ,  ,  ,  ,   â€¦ "
 As bad it gets price action for the bulls. Buyers morning capitulation afternoon and lower than capitulatâ€¦ 
  Ø³Ø¨Ø§ÙƒØ³ ÙˆØ§Ù„Ø¯ÙˆÙ„Ø§Ø± ğŸ’²Ø§Ù„Ø¶Ø±Ø¨Ø© Ø§Ù„Ø«Ø§Ù†ÙŠØ© Ù„Ù†ÙØ³ Ø§Ù„Ø£Ù‡Ø¯Ø§Ù 
Check out my  analysis on @TradingView: 
 Index  Our priority option remains the same.  The fall in  has ended or is almost over. The riseâ€¦ 
@Icarus_Soulfly  % 110Huzurlu ve rahat uyku iÃ§in mental saÄŸlÄ±k Ã¶nemli veya Ã‡izen: ğŸ‘‘ğŸ§™â€â™‚ï¸ RAGNARâ€¦ 
" alongside many commodities is under pressure, and the price has yet not met its weekly support at ~$1523.Iâ€¦ "
"âœ´ï¸HAFTANIN VERÄ°LERÄ°NÄ° SESLÄ° ANLATIM SAÄLADIM, BOL KAZANÃ‡LI BÄ°R HAFTA Ä°Ã‡Ä°N VIP KANALIMDA YERÄ°NÄ°ZÄ° ALINâœ´ï¸ â€¦ "
"Everything turned bearish,  possible cycle high in:   Possible cycle bottom in: $vix"
"dxy 107,80-85'e kadar rahat.. Ã–nÃ¼ aÃ§Ä±k."
@borsamania35 dxy yÃ¼kselirken mi? ğŸ˜€
 dikdÃ¶rtgen alan iÃ§erisinde destek oluÅŸturmakta;110 seviyesi Ã¼zerinde kapanÄ±ÅŸ gelmedikÃ§e trend aÅŸaÄŸÄ±dÄ±r.KÄ±saâ€¦ 
" update Still, my plan is the same; a pullback to the red box then a drop to lower levels. â€¦ "
U.S. $  TO START NEW BULL MARKET  MOVE .382 -  chart on @TradingView 
" Flip red line, and 109 next âœï¸  "
$DXY â€œPrice finally lost its momentum...we had the scenario in which we are testing its support but support wasn'tâ€¦ 
dxy  
@Semixi in Chicago. The  is likely to continue to lag behind because of the . If i'm not wrong the patâ€¦ 
ğŸ¯ ğŸ‘€âœ…From 107 to .... 105.3  ğŸ˜® 
" rejected off my resistances perfectly and has been a great indicator on where stock market is going, now we haâ€¦ "
 and pressure on  -   
dxy  
              â€¦ 
